configuration_id,task_id,checker_scope,verdict,elapsed_seconds
forall_opus_xhigh,121,retained_snapshot,accepted,80.8
forall_opus_xhigh,122,retained_snapshot,accepted,84.6
forall_opus_xhigh,123,retained_snapshot,accepted,68.1
forall_opus_xhigh,124,retained_snapshot,accepted,79.6
forall_opus_xhigh,125,retained_snapshot,accepted,75.6
forall_opus_xhigh,126,retained_snapshot,accepted,64.2
forall_opus_xhigh,127,retained_snapshot,accepted,64.2
forall_opus_xhigh,128,retained_snapshot,accepted,56.3
forall_opus_xhigh,129,retained_snapshot,accepted,68.7
forall_opus_xhigh,131,retained_snapshot,accepted,44.6
forall_opus_xhigh,132,retained_snapshot,accepted,72.6
forall_opus_xhigh,133,retained_snapshot,accepted,81.1
forall_opus_xhigh,134,retained_snapshot,accepted,87.9
forall_opus_xhigh,135,retained_snapshot,accepted,35.5
forall_opus_xhigh,136,retained_snapshot,accepted,31.9
forall_opus_xhigh,137,retained_snapshot,accepted,62.8
forall_opus_xhigh,138,retained_snapshot,accepted,51.0
forall_opus_xhigh,139,retained_snapshot,accepted,64.3
forall_opus_xhigh,140,retained_snapshot,accepted,91.6
forall_opus_xhigh,141,retained_snapshot,accepted,86.3
forall_opus_xhigh,142,retained_snapshot,accepted,61.3
forall_opus_xhigh,143,retained_snapshot,accepted,53.0
forall_opus_xhigh,144,retained_snapshot,accepted,27.9
forall_opus_xhigh,145,retained_snapshot,accepted,70.0
forall_opus_xhigh,146,retained_snapshot,accepted,42.8
forall_opus_xhigh,147,retained_snapshot,accepted,35.2
forall_opus_xhigh,148,retained_snapshot,accepted,33.4
forall_opus_xhigh,150,retained_snapshot,accepted,38.0
forall_opus_xhigh,152,retained_snapshot,accepted,44.4
forall_opus_xhigh,153,retained_snapshot,accepted,62.2
forall_opus_xhigh,154,retained_snapshot,accepted,69.0
forall_opus_xhigh,155,retained_snapshot,accepted,96.2
forall_opus_xhigh,156,retained_snapshot,accepted,70.0
forall_opus_xhigh,157,retained_snapshot,accepted,80.7
forall_opus_xhigh,158,retained_snapshot,harness_module_artifact,83.2
forall_opus_xhigh,159,retained_snapshot,accepted,68.1
forall_opus_xhigh,160,retained_snapshot,accepted,45.0
forall_opus_xhigh,161,retained_snapshot,accepted,65.1
forall_opus_xhigh,163,retained_snapshot,accepted,65.6
forall_opus_xhigh,164,retained_snapshot,accepted,59.4
forall_opus_xhigh,165,retained_snapshot,accepted,53.3
forall_opus_xhigh,168,retained_snapshot,accepted,55.1
forall_opus_xhigh,169,retained_snapshot,accepted,62.4
forall_opus_xhigh,171,retained_snapshot,accepted,84.3
forall_opus_xhigh,176,retained_snapshot,accepted,54.1
forall_opus_xhigh,178,retained_snapshot,accepted,73.7
forall_opus_xhigh,265,retained_snapshot,accepted,3.6
forall_opus_xhigh,266,retained_snapshot,accepted,3.1
forall_opus_xhigh,268,retained_snapshot,accepted,2.8
forall_opus_xhigh,445,retained_snapshot,accepted,99.0
forall_opus_xhigh,446,retained_snapshot,accepted,57.4
forall_opus_xhigh,447,retained_snapshot,accepted,103.9
forall_opus_xhigh,450,retained_snapshot,accepted,96.7
forall_opus_xhigh,451,retained_snapshot,accepted,39.5
forall_opus_xhigh,452,retained_snapshot,accepted,95.4
forall_opus_xhigh,453,retained_snapshot,accepted,106.5
forall_opus_xhigh,455,retained_snapshot,accepted,100.1
forall_opus_xhigh,456,retained_snapshot,accepted,42.7
forall_opus_xhigh,457,retained_snapshot,accepted,96.7
forall_opus_xhigh,458,retained_snapshot,accepted,129.9
forall_opus_xhigh,459,retained_snapshot,accepted,138.1
forall_opus_xhigh,460,retained_snapshot,accepted,120.2
forall_opus_xhigh,462,retained_snapshot,accepted,44.4
forall_opus_xhigh,466,retained_snapshot,accepted,121.1
forall_opus_xhigh,467,retained_snapshot,accepted,35.6
forall_opus_xhigh,468,retained_snapshot,accepted,344.0
forall_opus_xhigh,469,retained_snapshot,accepted,32.9
forall_opus_xhigh,471,retained_snapshot,accepted,33.1
forall_opus_xhigh,472,retained_snapshot,accepted,32.7
forall_opus_xhigh,473,retained_snapshot,accepted,30.6
claude_opus_low,122,retained_snapshot,accepted,90.9
claude_opus_low,123,retained_snapshot,accepted,52.9
claude_opus_low,124,retained_snapshot,accepted,57.2
claude_opus_low,125,retained_snapshot,accepted,59.7
claude_opus_low,126,retained_snapshot,accepted,73.3
claude_opus_low,127,retained_snapshot,accepted,98.8
claude_opus_low,128,retained_snapshot,rejected_axiom,84.9
claude_opus_low,129,retained_snapshot,rejected_axiom,84.1
claude_opus_low,131,retained_snapshot,accepted,56.5
claude_opus_low,132,retained_snapshot,accepted,68.2
claude_opus_low,133,retained_snapshot,accepted,54.8
claude_opus_low,134,retained_snapshot,accepted,71.1
claude_opus_low,135,retained_snapshot,accepted,50.6
claude_opus_low,136,retained_snapshot,accepted,45.3
claude_opus_low,137,retained_snapshot,accepted,72.9
claude_opus_low,138,retained_snapshot,accepted,51.8
claude_opus_low,139,retained_snapshot,accepted,52.8
claude_opus_low,140,retained_snapshot,accepted,65.7
claude_opus_low,141,retained_snapshot,accepted,55.5
claude_opus_low,142,retained_snapshot,accepted,46.0
claude_opus_low,143,retained_snapshot,accepted,53.3
claude_opus_low,144,retained_snapshot,accepted,49.3
claude_opus_low,145,retained_snapshot,rejected_axiom,74.6
claude_opus_low,146,retained_snapshot,accepted,33.8
claude_opus_low,147,retained_snapshot,accepted,47.3
claude_opus_low,148,retained_snapshot,accepted,46.6
claude_opus_low,149,retained_snapshot,rejected_axiom,99.9
claude_opus_low,150,retained_snapshot,accepted,56.1
claude_opus_low,152,retained_snapshot,rejected_axiom,71.5
claude_opus_low,153,retained_snapshot,rejected_axiom,79.0
claude_opus_low,154,retained_snapshot,accepted,69.0
claude_opus_low,155,retained_snapshot,accepted,89.9
claude_opus_low,156,retained_snapshot,accepted,57.2
claude_opus_low,157,retained_snapshot,accepted,67.2
claude_opus_low,158,retained_snapshot,harness_module_artifact,100.9
claude_opus_low,159,retained_snapshot,accepted,75.0
claude_opus_low,160,retained_snapshot,accepted,59.6
claude_opus_low,161,retained_snapshot,accepted,77.6
claude_opus_low,163,retained_snapshot,accepted,54.5
claude_opus_low,164,retained_snapshot,accepted,72.7
claude_opus_low,165,retained_snapshot,accepted,61.1
claude_opus_low,168,retained_snapshot,accepted,75.1
claude_opus_low,169,retained_snapshot,accepted,64.0
claude_opus_low,171,retained_snapshot,accepted,180.8
claude_opus_low,176,retained_snapshot,accepted,130.9
claude_opus_low,178,retained_snapshot,accepted,155.7
claude_opus_low,265,retained_snapshot,accepted,3.5
claude_opus_low,266,retained_snapshot,accepted,3.2
claude_opus_low,268,retained_snapshot,accepted,2.8
claude_opus_low,445,retained_snapshot,accepted,302.5
claude_opus_low,446,retained_snapshot,accepted,239.5
claude_opus_low,447,retained_snapshot,accepted,255.4
claude_opus_low,450,retained_snapshot,accepted,239.8
claude_opus_low,451,retained_snapshot,accepted,91.1
claude_opus_low,452,retained_snapshot,accepted,157.0
claude_opus_low,453,retained_snapshot,accepted,127.7
claude_opus_low,454,retained_snapshot,harness_module_artifact,143.5
claude_opus_low,455,retained_snapshot,accepted,121.0
claude_opus_low,456,retained_snapshot,accepted,73.3
claude_opus_low,457,retained_snapshot,rejected_axiom,166.9
claude_opus_low,458,retained_snapshot,accepted,195.9
claude_opus_low,459,retained_snapshot,accepted,134.1
claude_opus_low,460,retained_snapshot,accepted,85.4
claude_opus_low,462,retained_snapshot,accepted,36.0
claude_opus_low,466,retained_snapshot,accepted,145.3
claude_opus_low,467,retained_snapshot,accepted,45.8
claude_opus_low,468,retained_snapshot,accepted,482.6
claude_opus_low,469,retained_snapshot,accepted,41.3
claude_opus_low,471,retained_snapshot,accepted,37.1
claude_opus_low,472,retained_snapshot,accepted,37.3
claude_opus_low,473,retained_snapshot,accepted,36.5
forall_fable_low,121,retained_snapshot,accepted,76.7
forall_fable_low,122,retained_snapshot,accepted,60.8
forall_fable_low,123,retained_snapshot,accepted,69.5
forall_fable_low,124,retained_snapshot,accepted,83.5
forall_fable_low,125,retained_snapshot,accepted,85.2
forall_fable_low,126,retained_snapshot,accepted,56.5
forall_fable_low,127,retained_snapshot,accepted,79.7
forall_fable_low,128,retained_snapshot,rejected_axiom,87.2
forall_fable_low,129,retained_snapshot,rejected_axiom,61.4
forall_fable_low,131,retained_snapshot,accepted,40.1
forall_fable_low,132,retained_snapshot,accepted,61.3
forall_fable_low,133,retained_snapshot,accepted,80.2
forall_fable_low,134,retained_snapshot,accepted,92.3
forall_fable_low,135,retained_snapshot,accepted,47.3
forall_fable_low,136,retained_snapshot,accepted,40.3
forall_fable_low,137,retained_snapshot,accepted,81.2
forall_fable_low,138,retained_snapshot,accepted,55.4
forall_fable_low,139,retained_snapshot,accepted,72.2
forall_fable_low,140,retained_snapshot,accepted,107.1
forall_fable_low,141,retained_snapshot,accepted,61.9
forall_fable_low,142,retained_snapshot,accepted,49.9
forall_fable_low,143,retained_snapshot,accepted,72.1
forall_fable_low,144,retained_snapshot,accepted,57.1
forall_fable_low,145,retained_snapshot,rejected_axiom,80.1
forall_fable_low,146,retained_snapshot,accepted,73.6
forall_fable_low,147,retained_snapshot,accepted,78.4
forall_fable_low,148,retained_snapshot,accepted,80.4
forall_fable_low,149,retained_snapshot,rejected_axiom,104.2
forall_fable_low,150,retained_snapshot,accepted,75.8
forall_fable_low,152,retained_snapshot,rejected_axiom,79.1
forall_fable_low,153,retained_snapshot,rejected_axiom,80.3
forall_fable_low,154,retained_snapshot,accepted,54.6
forall_fable_low,155,retained_snapshot,accepted,96.6
forall_fable_low,156,retained_snapshot,accepted,60.2
forall_fable_low,157,retained_snapshot,accepted,80.4
forall_fable_low,158,retained_snapshot,harness_module_artifact,123.3
forall_fable_low,159,retained_snapshot,accepted,97.1
forall_fable_low,160,retained_snapshot,accepted,41.3
forall_fable_low,161,retained_snapshot,accepted,56.0
forall_fable_low,163,retained_snapshot,accepted,49.3
forall_fable_low,164,retained_snapshot,accepted,55.9
forall_fable_low,165,retained_snapshot,accepted,67.7
forall_fable_low,168,retained_snapshot,accepted,69.5
forall_fable_low,169,retained_snapshot,accepted,75.1
forall_fable_low,171,retained_snapshot,accepted,95.4
forall_fable_low,176,retained_snapshot,accepted,67.5
forall_fable_low,178,retained_snapshot,accepted,66.6
forall_fable_low,265,retained_snapshot,accepted,8.3
forall_fable_low,266,retained_snapshot,rejected_axiom,3.6
forall_fable_low,268,retained_snapshot,accepted,3.4
forall_fable_low,445,retained_snapshot,accepted,100.1
forall_fable_low,446,retained_snapshot,accepted,117.9
forall_fable_low,447,retained_snapshot,accepted,133.5
forall_fable_low,450,retained_snapshot,accepted,140.8
forall_fable_low,451,retained_snapshot,accepted,67.3
forall_fable_low,452,retained_snapshot,accepted,123.7
forall_fable_low,453,retained_snapshot,accepted,112.1
forall_fable_low,454,retained_snapshot,harness_module_artifact,123.6
forall_fable_low,455,retained_snapshot,accepted,140.7
forall_fable_low,456,retained_snapshot,accepted,66.8
forall_fable_low,457,retained_snapshot,rejected_axiom,124.9
forall_fable_low,458,retained_snapshot,accepted,98.3
forall_fable_low,459,retained_snapshot,accepted,81.1
forall_fable_low,460,retained_snapshot,accepted,108.5
forall_fable_low,462,retained_snapshot,accepted,30.7
forall_fable_low,466,retained_snapshot,accepted,105.9
forall_fable_low,467,retained_snapshot,accepted,33.6
forall_fable_low,468,retained_snapshot,accepted,429.3
forall_fable_low,469,retained_snapshot,accepted,54.4
forall_fable_low,471,retained_snapshot,accepted,48.9
forall_fable_low,472,retained_snapshot,accepted,35.5
forall_fable_low,473,retained_snapshot,accepted,39.7
forall_sol_low_codex,122,retained_snapshot,accepted,141.7
forall_sol_low_codex,123,retained_snapshot,accepted,43.2
forall_sol_low_codex,124,retained_snapshot,accepted,58.2
forall_sol_low_codex,125,retained_snapshot,accepted,62.8
forall_sol_low_codex,126,retained_snapshot,accepted,62.7
forall_sol_low_codex,127,retained_snapshot,accepted,76.5
forall_sol_low_codex,128,retained_snapshot,accepted,83.1
forall_sol_low_codex,129,retained_snapshot,rejected_axiom,59.3
forall_sol_low_codex,131,retained_snapshot,accepted,41.3
forall_sol_low_codex,132,retained_snapshot,accepted,57.0
forall_sol_low_codex,133,retained_snapshot,accepted,74.7
forall_sol_low_codex,134,retained_snapshot,accepted,59.1
forall_sol_low_codex,135,retained_snapshot,accepted,42.3
forall_sol_low_codex,136,retained_snapshot,accepted,50.1
forall_sol_low_codex,137,retained_snapshot,accepted,64.5
forall_sol_low_codex,138,retained_snapshot,accepted,47.8
forall_sol_low_codex,139,retained_snapshot,accepted,58.1
forall_sol_low_codex,140,retained_snapshot,accepted,101.5
forall_sol_low_codex,141,retained_snapshot,accepted,76.6
forall_sol_low_codex,142,retained_snapshot,accepted,54.1
forall_sol_low_codex,143,retained_snapshot,accepted,38.0
forall_sol_low_codex,144,retained_snapshot,accepted,19.3
forall_sol_low_codex,145,retained_snapshot,rejected_axiom,37.5
forall_sol_low_codex,146,retained_snapshot,accepted,46.1
forall_sol_low_codex,147,retained_snapshot,accepted,48.8
forall_sol_low_codex,148,retained_snapshot,accepted,45.1
forall_sol_low_codex,149,retained_snapshot,rejected_axiom,79.1
forall_sol_low_codex,150,retained_snapshot,accepted,48.2
forall_sol_low_codex,152,retained_snapshot,rejected_axiom,73.3
forall_sol_low_codex,153,retained_snapshot,rejected_axiom,66.5
forall_sol_low_codex,154,retained_snapshot,accepted,53.3
forall_sol_low_codex,155,retained_snapshot,accepted,63.6
forall_sol_low_codex,156,retained_snapshot,accepted,43.9
forall_sol_low_codex,157,retained_snapshot,accepted,61.5
forall_sol_low_codex,158,retained_snapshot,harness_module_artifact,94.1
forall_sol_low_codex,159,retained_snapshot,accepted,81.0
forall_sol_low_codex,160,retained_snapshot,accepted,64.9
forall_sol_low_codex,161,retained_snapshot,accepted,90.0
forall_sol_low_codex,163,retained_snapshot,accepted,62.0
forall_sol_low_codex,164,retained_snapshot,accepted,56.8
forall_sol_low_codex,165,retained_snapshot,accepted,55.6
forall_sol_low_codex,168,retained_snapshot,accepted,48.8
forall_sol_low_codex,169,retained_snapshot,accepted,59.6
forall_sol_low_codex,171,retained_snapshot,accepted,86.7
forall_sol_low_codex,176,retained_snapshot,accepted,67.2
forall_sol_low_codex,178,retained_snapshot,accepted,75.9
forall_sol_low_codex,265,retained_snapshot,accepted,5.5
forall_sol_low_codex,266,retained_snapshot,accepted,5.1
forall_sol_low_codex,268,retained_snapshot,accepted,5.5
forall_sol_low_codex,445,retained_snapshot,accepted,143.3
forall_sol_low_codex,446,retained_snapshot,accepted,113.4
forall_sol_low_codex,447,retained_snapshot,accepted,118.2
forall_sol_low_codex,450,retained_snapshot,accepted,125.8
forall_sol_low_codex,451,retained_snapshot,accepted,53.7
forall_sol_low_codex,452,retained_snapshot,accepted,103.6
forall_sol_low_codex,453,retained_snapshot,accepted,102.7
forall_sol_low_codex,454,retained_snapshot,harness_module_artifact,121.0
forall_sol_low_codex,455,retained_snapshot,accepted,108.9
forall_sol_low_codex,456,retained_snapshot,accepted,39.9
forall_sol_low_codex,457,retained_snapshot,rejected_axiom,82.1
forall_sol_low_codex,458,retained_snapshot,accepted,112.0
forall_sol_low_codex,459,retained_snapshot,accepted,147.8
forall_sol_low_codex,460,retained_snapshot,accepted,109.1
forall_sol_low_codex,462,retained_snapshot,accepted,35.8
forall_sol_low_codex,466,retained_snapshot,accepted,125.3
forall_sol_low_codex,467,retained_snapshot,accepted,39.5
forall_sol_low_codex,468,retained_snapshot,accepted,366.0
forall_sol_low_codex,469,retained_snapshot,accepted,42.3
forall_sol_low_codex,471,retained_snapshot,accepted,37.3
forall_sol_low_codex,472,retained_snapshot,accepted,36.0
forall_sol_low_codex,473,retained_snapshot,accepted,41.0
forall_sol_xhigh_codex,121,original_96_accepted,accepted,66.4
forall_sol_xhigh_codex,122,original_96_accepted,accepted,82.8
forall_sol_xhigh_codex,123,original_96_accepted,accepted,50.9
forall_sol_xhigh_codex,124,original_96_accepted,accepted,59.1
forall_sol_xhigh_codex,125,original_96_accepted,accepted,66.8
forall_sol_xhigh_codex,126,original_96_accepted,accepted,65.0
forall_sol_xhigh_codex,127,original_96_accepted,accepted,72.4
forall_sol_xhigh_codex,128,original_96_accepted,rejected_axiom,62.2
forall_sol_xhigh_codex,129,original_96_accepted,rejected_axiom,66.6
forall_sol_xhigh_codex,131,original_96_accepted,accepted,38.6
forall_sol_xhigh_codex,132,original_96_accepted,accepted,48.4
forall_sol_xhigh_codex,133,original_96_accepted,accepted,63.7
forall_sol_xhigh_codex,134,original_96_accepted,accepted,53.6
forall_sol_xhigh_codex,135,original_96_accepted,accepted,34.8
forall_sol_xhigh_codex,136,original_96_accepted,accepted,53.9
forall_sol_xhigh_codex,137,original_96_accepted,accepted,65.8
forall_sol_xhigh_codex,138,original_96_accepted,accepted,39.7
forall_sol_xhigh_codex,139,original_96_accepted,accepted,39.3
forall_sol_xhigh_codex,141,original_96_accepted,accepted,56.2
forall_sol_xhigh_codex,142,original_96_accepted,accepted,42.3
forall_sol_xhigh_codex,143,original_96_accepted,accepted,66.7
forall_sol_xhigh_codex,144,original_96_accepted,accepted,32.1
forall_sol_xhigh_codex,145,original_96_accepted,rejected_axiom,71.8
forall_sol_xhigh_codex,146,original_96_accepted,accepted,40.9
forall_sol_xhigh_codex,147,original_96_accepted,accepted,53.6
forall_sol_xhigh_codex,148,original_96_accepted,accepted,40.1
forall_sol_xhigh_codex,149,original_96_accepted,rejected_axiom,95.0
forall_sol_xhigh_codex,150,original_96_accepted,accepted,69.2
forall_sol_xhigh_codex,152,original_96_accepted,rejected_axiom,95.5
forall_sol_xhigh_codex,153,original_96_accepted,rejected_axiom,92.5
forall_sol_xhigh_codex,154,original_96_accepted,accepted,81.2
forall_sol_xhigh_codex,155,original_96_accepted,accepted,107.0
forall_sol_xhigh_codex,156,original_96_accepted,accepted,62.7
forall_sol_xhigh_codex,157,original_96_accepted,accepted,90.1
forall_sol_xhigh_codex,158,original_96_accepted,harness_module_artifact,106.7
forall_sol_xhigh_codex,159,original_96_accepted,accepted,74.5
forall_sol_xhigh_codex,160,original_96_accepted,accepted,61.1
forall_sol_xhigh_codex,161,original_96_accepted,accepted,70.1
forall_sol_xhigh_codex,163,original_96_accepted,accepted,44.9
forall_sol_xhigh_codex,164,original_96_accepted,accepted,68.0
forall_sol_xhigh_codex,165,original_96_accepted,accepted,55.2
forall_sol_xhigh_codex,168,original_96_accepted,accepted,51.8
forall_sol_xhigh_codex,169,original_96_accepted,accepted,72.8
forall_sol_xhigh_codex,171,original_96_accepted,accepted,100.8
forall_sol_xhigh_codex,176,original_96_accepted,accepted,67.4
forall_sol_xhigh_codex,178,original_96_accepted,accepted,104.9
forall_sol_xhigh_codex,265,original_96_accepted,accepted,6.6
forall_sol_xhigh_codex,266,original_96_accepted,accepted,4.9
forall_sol_xhigh_codex,268,original_96_accepted,accepted,4.6
forall_sol_xhigh_codex,445,original_96_accepted,accepted,131.5
forall_sol_xhigh_codex,446,original_96_accepted,accepted,80.3
forall_sol_xhigh_codex,447,original_96_accepted,accepted,118.4
forall_sol_xhigh_codex,450,original_96_accepted,accepted,162.9
forall_sol_xhigh_codex,451,original_96_accepted,accepted,77.6
forall_sol_xhigh_codex,453,original_96_accepted,accepted,160.9
forall_sol_xhigh_codex,454,original_96_accepted,harness_module_artifact,153.3
forall_sol_xhigh_codex,455,original_96_accepted,accepted,128.8
forall_sol_xhigh_codex,456,original_96_accepted,accepted,61.6
forall_sol_xhigh_codex,457,original_96_accepted,rejected_axiom,145.8
forall_sol_xhigh_codex,458,original_96_accepted,accepted,164.4
forall_sol_xhigh_codex,459,original_96_accepted,accepted,122.2
forall_sol_xhigh_codex,460,original_96_accepted,accepted,116.6
forall_sol_xhigh_codex,466,original_96_accepted,accepted,131.9
forall_sol_xhigh_codex,467,original_96_accepted,accepted,51.3
forall_sol_xhigh_codex,468,original_96_accepted,accepted,471.4
forall_sol_xhigh_codex,469,original_96_accepted,accepted,54.9
forall_sol_xhigh_codex,471,original_96_accepted,accepted,42.8
forall_sol_xhigh_codex,472,original_96_accepted,accepted,38.8
forall_sol_xhigh_codex,473,original_96_accepted,accepted,45.6
opencode_sol_low,121,retained_snapshot,accepted,75.6
opencode_sol_low,123,retained_snapshot,accepted,61.9
opencode_sol_low,124,retained_snapshot,accepted,86.6
opencode_sol_low,125,retained_snapshot,accepted,66.1
opencode_sol_low,131,retained_snapshot,accepted,46.3
opencode_sol_low,133,retained_snapshot,accepted,57.0
opencode_sol_low,135,retained_snapshot,accepted,48.4
opencode_sol_low,137,retained_snapshot,accepted,69.1
opencode_sol_low,139,retained_snapshot,accepted,44.9
opencode_sol_low,141,retained_snapshot,accepted,52.3
opencode_sol_low,142,retained_snapshot,accepted,51.7
opencode_sol_low,143,retained_snapshot,accepted,59.5
opencode_sol_low,144,retained_snapshot,accepted,26.2
opencode_sol_low,146,retained_snapshot,accepted,36.6
opencode_sol_low,148,retained_snapshot,accepted,33.9
opencode_sol_low,149,retained_snapshot,rejected_axiom,61.7
opencode_sol_low,150,retained_snapshot,accepted,41.6
opencode_sol_low,152,retained_snapshot,rejected_axiom,54.6
opencode_sol_low,154,retained_snapshot,accepted,42.5
opencode_sol_low,156,retained_snapshot,accepted,33.3
opencode_sol_low,158,retained_snapshot,harness_module_artifact,50.8
opencode_sol_low,160,retained_snapshot,accepted,40.7
opencode_sol_low,161,retained_snapshot,accepted,66.6
opencode_sol_low,163,retained_snapshot,accepted,66.1
opencode_sol_low,168,retained_snapshot,accepted,61.4
opencode_sol_low,169,retained_snapshot,accepted,58.8
opencode_sol_low,171,retained_snapshot,accepted,69.7
opencode_sol_low,178,retained_snapshot,accepted,70.8
opencode_sol_low,445,retained_snapshot,accepted,127.2
opencode_sol_low,446,retained_snapshot,accepted,72.2
opencode_sol_low,450,retained_snapshot,accepted,93.2
opencode_sol_low,451,retained_snapshot,accepted,51.4
opencode_sol_low,452,retained_snapshot,accepted,109.0
opencode_sol_low,454,retained_snapshot,harness_module_artifact,112.8
opencode_sol_low,455,retained_snapshot,accepted,106.4
opencode_sol_low,456,retained_snapshot,accepted,43.7
opencode_sol_low,457,retained_snapshot,rejected_axiom,90.2
opencode_sol_low,458,retained_snapshot,accepted,95.3
opencode_sol_low,459,retained_snapshot,accepted,128.8
opencode_sol_low,460,retained_snapshot,accepted,115.6
opencode_sol_low,466,retained_snapshot,accepted,99.2
opencode_sol_low,467,retained_snapshot,accepted,30.0
opencode_sol_low,468,retained_snapshot,accepted,368.2
opencode_sol_low,469,retained_snapshot,accepted,30.5
opencode_sol_low,471,retained_snapshot,accepted,39.9
opencode_sol_low,472,retained_snapshot,accepted,32.6
opencode_sol_low,473,retained_snapshot,accepted,34.9
